region,format,metric,unit,year,value,source
jp,vinyl,units,千枚,2016,799,https://www.riaj.or.jp/data/annual/10years/ar_anlg/
jp,vinyl,units,千枚,2017,1063,https://www.riaj.or.jp/data/annual/10years/ar_anlg/
jp,vinyl,units,千枚,2018,1116,https://www.riaj.or.jp/data/annual/10years/ar_anlg/
jp,vinyl,units,千枚,2019,1219,https://www.riaj.or.jp/data/annual/10years/ar_anlg/
jp,vinyl,units,千枚,2020,1095,https://www.riaj.or.jp/data/annual/10years/ar_anlg/
jp,vinyl,units,千枚,2021,1907,https://www.riaj.or.jp/data/annual/10years/ar_anlg/
jp,vinyl,units,千枚,2022,2133,https://www.riaj.or.jp/data/annual/10years/ar_anlg/
jp,vinyl,units,千枚,2023,2691,https://www.riaj.or.jp/data/annual/10years/ar_anlg/
jp,vinyl,units,千枚,2024,3149,https://www.riaj.or.jp/data/annual/10years/ar_anlg/
jp,vinyl,units,千枚,2025,3378,https://www.riaj.or.jp/data/annual/10years/ar_anlg/
jp,vinyl,value,百万円,2016,1455,https://www.riaj.or.jp/data/annual/10years/ar_anlg/
jp,vinyl,value,百万円,2017,1916,https://www.riaj.or.jp/data/annual/10years/ar_anlg/
jp,vinyl,value,百万円,2018,2077,https://www.riaj.or.jp/data/annual/10years/ar_anlg/
jp,vinyl,value,百万円,2019,2146,https://www.riaj.or.jp/data/annual/10years/ar_anlg/
jp,vinyl,value,百万円,2020,2117,https://www.riaj.or.jp/data/annual/10years/ar_anlg/
jp,vinyl,value,百万円,2021,3900,https://www.riaj.or.jp/data/annual/10years/ar_anlg/
jp,vinyl,value,百万円,2022,4336,https://www.riaj.or.jp/data/annual/10years/ar_anlg/
jp,vinyl,value,百万円,2023,6267,https://www.riaj.or.jp/data/annual/10years/ar_anlg/
jp,vinyl,value,百万円,2024,7887,https://www.riaj.or.jp/data/annual/10years/ar_anlg/
jp,vinyl,value,百万円,2025,8441,https://www.riaj.or.jp/data/annual/10years/ar_anlg/
jp,cd,units,千枚,2016,159223,https://www.riaj.or.jp/data/annual/10years/ar_cd/
jp,cd,units,千枚,2017,152294,https://www.riaj.or.jp/data/annual/10years/ar_cd/
jp,cd,units,千枚,2018,137268,https://www.riaj.or.jp/data/annual/10years/ar_cd/
jp,cd,units,千枚,2019,132325,https://www.riaj.or.jp/data/annual/10years/ar_cd/
jp,cd,units,千枚,2020,103931,https://www.riaj.or.jp/data/annual/10years/ar_cd/
jp,cd,units,千枚,2021,103552,https://www.riaj.or.jp/data/annual/10years/ar_cd/
jp,cd,units,千枚,2022,100915,https://www.riaj.or.jp/data/annual/10years/ar_cd/
jp,cd,units,千枚,2023,108786,https://www.riaj.or.jp/data/annual/10years/ar_cd/
jp,cd,units,千枚,2024,104505,https://www.riaj.or.jp/data/annual/10years/ar_cd/
jp,cd,units,千枚,2025,102687,https://www.riaj.or.jp/data/annual/10years/ar_cd/
jp,cd,value,百万円,2016,174873,https://www.riaj.or.jp/data/annual/10years/ar_cd/
jp,cd,value,百万円,2017,170653,https://www.riaj.or.jp/data/annual/10years/ar_cd/
jp,cd,value,百万円,2018,154200,https://www.riaj.or.jp/data/annual/10years/ar_cd/
jp,cd,value,百万円,2019,149548,https://www.riaj.or.jp/data/annual/10years/ar_cd/
jp,cd,value,百万円,2020,126937,https://www.riaj.or.jp/data/annual/10years/ar_cd/
jp,cd,value,百万円,2021,123255,https://www.riaj.or.jp/data/annual/10years/ar_cd/
jp,cd,value,百万円,2022,129800,https://www.riaj.or.jp/data/annual/10years/ar_cd/
jp,cd,value,百万円,2023,139095,https://www.riaj.or.jp/data/annual/10years/ar_cd/
jp,cd,value,百万円,2024,140239,https://www.riaj.or.jp/data/annual/10years/ar_cd/
jp,cd,value,百万円,2025,144491,https://www.riaj.or.jp/data/annual/10years/ar_cd/
jp,cassette,units,千巻,2016,700,https://www.riaj.or.jp/data/annual/10years/ar_tape/
jp,cassette,units,千巻,2017,571,https://www.riaj.or.jp/data/annual/10years/ar_tape/
jp,cassette,units,千巻,2018,441,https://www.riaj.or.jp/data/annual/10years/ar_tape/
jp,cassette,units,千巻,2019,336,https://www.riaj.or.jp/data/annual/10years/ar_tape/
jp,cassette,units,千巻,2020,291,https://www.riaj.or.jp/data/annual/10years/ar_tape/
jp,cassette,units,千巻,2021,141,https://www.riaj.or.jp/data/annual/10years/ar_tape/
jp,cassette,units,千巻,2022,49,https://www.riaj.or.jp/data/annual/10years/ar_tape/
jp,cassette,units,千巻,2023,119,https://www.riaj.or.jp/data/annual/10years/ar_tape/
jp,cassette,units,千巻,2024,85,https://www.riaj.or.jp/data/annual/10years/ar_tape/
jp,cassette,units,千巻,2025,97,https://www.riaj.or.jp/data/annual/10years/ar_tape/
jp,cassette,value,百万円,2016,614,https://www.riaj.or.jp/data/annual/10years/ar_tape/
jp,cassette,value,百万円,2017,482,https://www.riaj.or.jp/data/annual/10years/ar_tape/
jp,cassette,value,百万円,2018,382,https://www.riaj.or.jp/data/annual/10years/ar_tape/
jp,cassette,value,百万円,2019,318,https://www.riaj.or.jp/data/annual/10years/ar_tape/
jp,cassette,value,百万円,2020,210,https://www.riaj.or.jp/data/annual/10years/ar_tape/
jp,cassette,value,百万円,2021,137,https://www.riaj.or.jp/data/annual/10years/ar_tape/
jp,cassette,value,百万円,2022,62,https://www.riaj.or.jp/data/annual/10years/ar_tape/
jp,cassette,value,百万円,2023,212,https://www.riaj.or.jp/data/annual/10years/ar_tape/
jp,cassette,value,百万円,2024,153,https://www.riaj.or.jp/data/annual/10years/ar_tape/
jp,cassette,value,百万円,2025,209,https://www.riaj.or.jp/data/annual/10years/ar_tape/
us,vinyl,units,百万枚,2016,14.8,https://www.riaa.com/wp-content/uploads/2018/03/RIAA-Year-End-2017-News-and-Notes.pdf
us,vinyl,units,百万枚,2017,15.6,https://www.riaa.com/wp-content/uploads/2018/03/RIAA-Year-End-2017-News-and-Notes.pdf
us,vinyl,units,百万枚,2018,16.7,https://www.riaa.com/wp-content/uploads/2020/02/RIAA-2019-Year-End-Music-Industry-Revenue-Report.pdf
us,vinyl,units,百万枚,2019,19.1,https://www.riaa.com/wp-content/uploads/2020/02/RIAA-2019-Year-End-Music-Industry-Revenue-Report.pdf
us,vinyl,units,百万枚,2020,23.7,https://www.riaa.com/wp-content/uploads/2022/03/2021-Year-End-Music-Industry-Revenue-Report.pdf
us,vinyl,units,百万枚,2021,39.7,https://www.riaa.com/wp-content/uploads/2022/03/2021-Year-End-Music-Industry-Revenue-Report.pdf
us,vinyl,units,百万枚,2022,40.5,https://www.riaa.com/wp-content/uploads/2024/03/2023-Year-End-Revenue-Statistics.pdf
us,vinyl,units,百万枚,2023,43.2,https://www.riaa.com/wp-content/uploads/2024/03/2023-Year-End-Revenue-Statistics.pdf
us,vinyl,units,百万枚,2024,43.4,https://www.riaa.com/wp-content/uploads/2026/03/RIAA-Year-End-Revenue-2025.pdf
us,vinyl,units,百万枚,2025,46.8,https://www.riaa.com/wp-content/uploads/2026/03/RIAA-Year-End-Revenue-2025.pdf
us,vinyl,value_retail,百万ドル(小売額),2016,355.4,https://www.riaa.com/wp-content/uploads/2018/03/RIAA-Year-End-2017-News-and-Notes.pdf
us,vinyl,value_retail,百万ドル(小売額),2017,388.5,https://www.riaa.com/wp-content/uploads/2018/03/RIAA-Year-End-2017-News-and-Notes.pdf
us,vinyl,value_retail,百万ドル(小売額),2018,419.2,https://www.riaa.com/wp-content/uploads/2020/02/RIAA-2019-Year-End-Music-Industry-Revenue-Report.pdf
us,vinyl,value_retail,百万ドル(小売額),2019,497.6,https://www.riaa.com/wp-content/uploads/2020/02/RIAA-2019-Year-End-Music-Industry-Revenue-Report.pdf
us,vinyl,value_retail,百万ドル(小売額),2020,643.9,https://www.riaa.com/wp-content/uploads/2022/03/2021-Year-End-Music-Industry-Revenue-Report.pdf
us,vinyl,value_retail,百万ドル(小売額),2021,1037.7,https://www.riaa.com/wp-content/uploads/2022/03/2021-Year-End-Music-Industry-Revenue-Report.pdf
us,vinyl,value_retail,百万ドル(小売額),2022,1224.4,https://www.riaa.com/wp-content/uploads/2024/03/2023-Year-End-Revenue-Statistics.pdf
us,vinyl,value_retail,百万ドル(小売額),2023,1350.2,https://www.riaa.com/wp-content/uploads/2024/03/2023-Year-End-Revenue-Statistics.pdf
us,vinyl,value_wholesale,百万ドル(卸売額),2024,954.4,https://www.riaa.com/wp-content/uploads/2026/03/RIAA-Year-End-Revenue-2025.pdf
us,vinyl,value_wholesale,百万ドル(卸売額),2025,1042.9,https://www.riaa.com/wp-content/uploads/2026/03/RIAA-Year-End-Revenue-2025.pdf
us,cd,units,百万枚,2016,97.6,https://www.riaa.com/wp-content/uploads/2018/03/RIAA-Year-End-2017-News-and-Notes.pdf
us,cd,units,百万枚,2017,87.6,https://www.riaa.com/wp-content/uploads/2018/03/RIAA-Year-End-2017-News-and-Notes.pdf
us,cd,units,百万枚,2018,52.0,https://www.riaa.com/wp-content/uploads/2020/02/RIAA-2019-Year-End-Music-Industry-Revenue-Report.pdf
us,cd,units,百万枚,2019,46.5,https://www.riaa.com/wp-content/uploads/2020/02/RIAA-2019-Year-End-Music-Industry-Revenue-Report.pdf
us,cd,units,百万枚,2020,31.6,https://www.riaa.com/wp-content/uploads/2022/03/2021-Year-End-Music-Industry-Revenue-Report.pdf
us,cd,units,百万枚,2021,46.6,https://www.riaa.com/wp-content/uploads/2022/03/2021-Year-End-Music-Industry-Revenue-Report.pdf
us,cd,units,百万枚,2022,37.7,https://www.riaa.com/wp-content/uploads/2024/03/2023-Year-End-Revenue-Statistics.pdf
us,cd,units,百万枚,2023,37.0,https://www.riaa.com/wp-content/uploads/2024/03/2023-Year-End-Revenue-Statistics.pdf
us,cd,units,百万枚,2024,33.3,https://www.riaa.com/wp-content/uploads/2026/03/RIAA-Year-End-Revenue-2025.pdf
us,cd,units,百万枚,2025,29.5,https://www.riaa.com/wp-content/uploads/2026/03/RIAA-Year-End-Revenue-2025.pdf
us,cd,value_retail,百万ドル(小売額),2016,1130.8,https://www.riaa.com/wp-content/uploads/2018/03/RIAA-Year-End-2017-News-and-Notes.pdf
us,cd,value_retail,百万ドル(小売額),2017,1057.3,https://www.riaa.com/wp-content/uploads/2018/03/RIAA-Year-End-2017-News-and-Notes.pdf
us,cd,value_retail,百万ドル(小売額),2018,698.4,https://www.riaa.com/wp-content/uploads/2020/02/RIAA-2019-Year-End-Music-Industry-Revenue-Report.pdf
us,cd,value_retail,百万ドル(小売額),2019,614.5,https://www.riaa.com/wp-content/uploads/2020/02/RIAA-2019-Year-End-Music-Industry-Revenue-Report.pdf
us,cd,value_retail,百万ドル(小売額),2020,483.3,https://www.riaa.com/wp-content/uploads/2022/03/2021-Year-End-Music-Industry-Revenue-Report.pdf
us,cd,value_retail,百万ドル(小売額),2021,584.2,https://www.riaa.com/wp-content/uploads/2022/03/2021-Year-End-Music-Industry-Revenue-Report.pdf
us,cd,value_retail,百万ドル(小売額),2022,482.6,https://www.riaa.com/wp-content/uploads/2024/03/2023-Year-End-Revenue-Statistics.pdf
us,cd,value_retail,百万ドル(小売額),2023,537.1,https://www.riaa.com/wp-content/uploads/2024/03/2023-Year-End-Revenue-Statistics.pdf
us,cd,value_wholesale,百万ドル(卸売額),2024,338.9,https://www.riaa.com/wp-content/uploads/2026/03/RIAA-Year-End-Revenue-2025.pdf
us,cd,value_wholesale,百万ドル(卸売額),2025,312.4,https://www.riaa.com/wp-content/uploads/2026/03/RIAA-Year-End-Revenue-2025.pdf
